No.,Brands,Parent,Country Of Origin,Site,"TOTAL MOBILE SITES SCORE
(0-5)",Total Iphone Score (0-2),Total ipad Score (0-2),"iOS Functionality score
(0-1)",TOTAL iOS SCORE (0-5),Geolocal (0-2),Mobile Innovation (0-3),"TOTAL MOBILE INNOVATION SCORE 
(0-5)",Mobile Total (0-20) ,,"Facebook 
(0-10)","Twitter
(0-5) ","YouTube
(0-5) ",Traditional Scoail Media Total (0-20),Pinterest (0-5),Tumblr (0-5),Instagram (0-5),Google+ (0-5),Emerging Social Media (0-5),Social Media Total (0-20),,Traffic,Web Authority,Quantitative Search (0-10),Google (0-5),Bing (0-5),Mobile (0-5),Qualitative Search (0-5),"Search
 (0-15)",Web Advertising (0-5),Innovation (0-5),"Web
Advertising & Innovation Total
(0-5)","User Generated Content
(0-5)","Email Marketing Content
(0-5)",Digital Marketing Total (0-30),,Brand Translation Visual Aesthetics (0-5),Brand Translation Messaging (0-5),Technology Score (0-5),Search & Nav Score (0-5),Customer Service (0-5),Product Page (0-5),Checkout (0-5),Account (0-5),Total Site Score (0-30), Site Total (0-30),,Total Digital IQ,ADJUSTED DIGITAL IQ,Rank,Class,Percent Rank,E-commerce Enabled,Member?,2011 Digital IQ ,2012-2011 Differential,2011 Digital IQ Percent Rank,2012-2011 % Differential,2010 Digital IQ,1 month Traffic Growth,Annual Traffic Growth,2010 - 2009 Change (%)
8,Burberry,Burberry,United Kingdom,www.burberry.com,4.5,0,0,0,0,1.56,0.5,2.06,11.06,,5.82,3.46,3.82,13.1,2.96,1.7,3.61,4.31,3.23,13.06,,4,4,8,2,1.3,3.6,2.18,10.18,1.8,3.3,2.51,4.63,1,18.32,,4,4,4.12,2.96,2.75,2.92,2.26,4.06,19.07,20.3,,62.73,153,1,Genius,100%,Y,,144,9,100%,0%,,,,
46,Ralph Lauren,Ralph Lauren Corporation,United States,www.ralphlauren.com,5,1.38,1.25,0.63,3.25,0.85,1.25,2.1,15.35,,4.57,3.18,2.45,10.21,1.73,0,1.08,0,1.12,9.07,,5,4,9,3.9,2,3.6,3.47,12.47,3.2,1.5,2.34,4.32,1.87,20.99,,4,5,1.66,3.69,2,2.49,1.77,1.88,13.48,16.9,,62.27,152,2,Genius,98%,Y,,135,17,87%,11%,,,,
31,Kate Spade,Fifth & Pacific,United States,www.katespade.com,5,0,0,0,0,1.68,0.25,1.93,11.93,,4.45,3.16,2.06,9.66,2.98,1.25,4.31,3.62,3.4,10.45,,4,3,7,1.8,2.5,1.1,1.78,8.78,4.4,3.5,3.96,2.93,3.53,19.21,,4,4,1.82,4,1.75,3.65,4.06,1.88,17.15,18.9,,60.46,148,3,Genius,95%,Y,,143,5,97%,-2%,,,,
57,Tory Burch,Tory Burch,United States,http://www.toryburch.com,5,1.5,1,0.75,3.25,0.49,0.5,0.99,14.24,,4.84,2.45,2.28,9.58,3,0,3.24,3.83,2.88,9.97,,4,4,8,3,1.8,2.7,2.68,10.68,3.3,2,2.64,2.95,1.6,17.87,,4,4,3.31,4.25,1.75,3.65,1.54,1.88,16.37,18.3,,60.36,148,3,Genius,95%,Y,,136,12,89%,6%,,,,
26,Gucci,Gucci Group (PPR),Italy,http://www.gucci.com,2.5,1,1,0.5,2.5,1.68,1.25,2.93,10.43,,4.09,3.04,1.52,8.64,2.62,1.78,2.29,4.47,2.59,8.98,,5,5,10,2.5,2.5,1.6,2.32,12.32,1.9,1.8,1.81,4.94,2.53,21.6,,5,5,2.97,3.75,1.5,2.92,1.51,1.88,14.53,18.4,,59.41,145,5,Genius,93%,y,,141,4,93%,0%,,,,
15,Coach,"Coach, Inc.",United States,www.coach.com,5,0,0,0,0,1.24,0.5,1.74,11.74,,5.27,2.51,1.76,9.54,2.69,0,3.96,1.79,2.84,9.9,,5,3,8,2,0.8,2.5,1.85,9.85,1.6,1.5,1.53,2.87,1.27,15.51,,5,5,3.84,3.75,2.25,3.67,2.97,2.19,18.66,21.5,,58.65,143,6,Genius,92%,Y,,141,2,95%,-3%,,,,
36,Louis Vuitton,LVMH,France,http://www.louisvuitton.com,3.5,1,1.25,0.25,2.5,1.99,0.75,2.74,12.24,,5.05,3.07,3.12,11.23,2.75,0,1.06,0,1.52,10.2,,5,5,10,1.7,1.5,1.7,1.65,11.65,0.8,0.8,0.79,4.7,0,17.13,,5,5,1.29,2.39,3.5,1.24,2.26,3.44,14.11,18.1,,57.66,141,7,Genius,90%,y,,127,14,83%,7%,,,,
32,Lacoste,Lacoste,France,http://www.lacoste.com/,5,1.5,1,0.38,2.88,1.52,0.5,2.02,14.89,,3.92,1.39,2.73,8.04,2.39,0.53,2.64,4.3,2.5,8.43,,3,4,7,2.8,2,2.2,2.49,9.49,1,1.8,1.36,4.12,2.33,17.3,,4,4,3.06,2.64,1.75,2.65,2.26,0.63,12.98,15.7,,56.36,138,8,Gifted,88%,Y,,,NA,,NA,,,,
28,Hugo Boss,HUGO BOSS Group,Germany,http://www.hugoboss.com,3,1,1,0.33,2.33,1.41,1.5,2.91,11.24,,4.95,1.35,3.17,9.48,2.51,0,3.07,4.21,2.65,9.7,,3,4,7,2,2.3,0,1.66,8.66,0.9,2,1.46,3.19,2.53,15.84,,4,4,2.49,3.21,3,3.9,2.97,2.19,17.75,19.3,,56.1,137,9,Gifted,87%,y,,134,3,85%,2%,,,,
56,Tommy Hilfiger,Phillips-Van Heusen,United States,tommy.com,5,0,1,0,1,1.04,0.5,1.54,12.54,,5.03,2.6,2.62,10.25,1.62,3.08,2.26,3.15,2.17,9.94,,3,3,6,3.8,1.5,2.8,3.14,9.14,4.9,0,2.43,2.87,1.87,16.3,,3,3,1.95,4.5,3,1.4,2.63,1.88,15.35,16,,54.8,134,10,Gifted,85%,Y,,,NA,,NA,,,,
24,Giorgio Armani,Giorgio Armani Corporation,Italy,http://armani.com,4,1.17,1,0.08,2.25,1.09,0.25,1.34,11.59,,3.81,3.26,2.85,9.93,2.47,2.23,3.8,3.85,3.12,10.44,,3,3,6,3,1.8,4,2.95,8.95,2.7,2,2.34,4.54,2.53,18.36,,3,4,1.92,3.71,0.75,1.92,1.91,1.25,11.46,13.8,,54.23,133,11,Gifted,84%,Y,,98,35,50%,34%,,,,
17,Diane von Furstenberg,Diane Von Furstenberg,United States,www.dvf.com,5,0,0,0,0,0.96,0,0.96,10.96,,4.7,2.6,1.35,8.65,2.78,1.63,2.46,3.46,2.6,9,,2,4,6,1.8,0.3,2.6,1.62,7.62,1.6,1,1.28,1.51,2.4,12.8,,5,4,2.83,4,1.75,2.65,3.34,2.19,16.76,19.3,,52.08,127,12,Gifted,82%,Y,,117,10,77%,5%,,,,
50,Stella McCartney,Gucci Group (PPR),United Kingdom,http://www.stellamccartney.com/,5,0,1.25,0.5,1.75,1.54,0.75,2.29,14.04,,4.74,3.62,1.17,9.53,1.4,1.15,3.55,3.52,2.45,9.58,,2,1,3,1.5,1.8,1.7,1.6,4.6,2.2,0,1.12,2.73,1.47,9.91,,5,5,2.29,2.5,1.5,1.92,3.34,2.19,13.74,17.8,,51.34,126,13,Gifted,80%,Y,,,NA,,NA,,,,
16,Cole Haan,Nike,United States,www.colehaan.com,5,0,0,0,0,0.88,0.25,1.13,11.13,,3.78,2.06,0.84,6.67,1.34,0,2.07,3.8,1.75,6.74,,3,2,5,2,1.5,2,1.9,6.9,4.8,0.3,2.5,2.49,1,12.89,,4,4,2.26,4.5,2.25,3.92,3.49,2.19,18.61,20,,50.71,124,14,Gifted,79%,y,,94,30,43%,36%,,,,
18,Dolce & Gabbana,Dolce&Gabbana Holding S.r.l.,Italy,www.dolcegabbana.com/,3,1.13,0,0.25,1.38,1.18,2,3.18,10.55,,4.23,2.94,3.08,10.24,2.99,0.53,2.09,3.97,2.48,10.18,,3,3,6,2.3,1,1.7,1.9,7.9,0.6,1,0.8,3.92,1.67,14.28,,4,5,3.02,1.64,1.25,2.42,1.54,1.25,11.12,15.1,,50.1,123,15,Gifted,76%,Y,,136,-13,91%,-15%,,,,
40,Michael Kors,Michael Kors Inc.,United States,http://www.michaelkors.com/,1,0,0,0,0,1,0.5,1.5,3.5,,6.12,3.26,2.05,11.43,2.91,0,3.75,3.38,3,11.54,,4,3,7,2.3,2.3,2.2,2.24,9.24,2.4,2.3,2.32,3.63,1.33,16.52,,4,3,2.26,4.75,3.25,2.24,3.34,1.88,17.71,18.5,,50.1,123,15,Gifted,76%,y,,126,-3,81%,-5%,,,,
11,Chanel,Chanel,France,www.chanel.com,5,1.13,1,0.38,2.5,1.14,0.25,1.39,13.89,,3.91,2.86,2.73,9.5,0,0,2.46,2.61,1.24,8.6,,4,5,9,1.5,1.3,2.2,1.59,10.59,0.8,1,0.9,4.94,1.87,18.29,,3,3,1.95,0.47,2.75,0.53,0,0,5.7,8.8,,49.56,121,17,Gifted,74%,n,,107,14,62%,12%,,,,
43,Oscar de la Renta,Oscar de la Renta Ltd.,United States,http://www.oscardelarenta.com/,2.5,0,0,0,0,1.39,0,1.39,6.39,,5.23,2.83,0.67,8.72,2.83,1.78,3.79,1.05,2.93,9.32,,2,3,5,2.3,1.5,2,2.05,7.05,2.2,3.3,2.72,2.01,2.87,14.65,,4,3,3.18,3.5,4,2.24,1.91,1.25,16.08,17.3,,47.67,117,18,Gifted,71%,Y,,96,21,45%,26%,,,,
64,Vineyard Vines,"Vineyard Vines, L.L.C.",United States,http://www.vineyardvines.com/,5,1.25,0,0,1.25,0.69,0,0.69,11.94,,5.38,2.2,1.87,9.46,2.53,0,2.3,3.6,2.29,9.4,,3,2,5,2.5,1.3,2.5,2.22,7.22,1.2,1,1.12,1.81,0.27,10.41,,2,2,2.9,4.75,1.75,2.24,3.34,2.19,17.17,15.9,,47.63,117,18,Gifted,71%,Y,,,NA,,NA,,,,
21,Ermenegildo Zegna,Ermenegildo Zegna,Italy,http://www.zegna.com,2.5,1,1.13,0.25,2.38,0.38,1,1.38,8.75,,3.58,1.89,2.28,7.75,1.61,0,0.86,0,0.99,6.99,,2,3,5,2.5,1,2.7,2.24,7.24,2.7,0.3,1.46,1.95,2.6,13.25,,4,5,2.46,4.02,2.5,3.17,2.26,1.25,15.66,18.5,,47.48,116,20,Gifted,69%,y,,102,14,58%,11%,,,,
9,Calvin Klein,Phillips-Van Heusen,United States,www.calvinklein.com,2.5,0,0,0,0,0.64,0,0.64,5.64,,4.66,2.8,2.08,9.54,0,3.7,1.76,0,1.07,8.49,,3,2,5,2.9,2.3,3.1,2.81,7.81,3.8,0.8,2.26,3.98,1.53,15.59,,4,4,2.83,2.27,1.75,3.74,2.49,1.88,14.95,17.2,,46.94,115,21,Gifted,65%,y,,116,-1,72%,-7%,,,,
19,Donna Karan / DKNY,LVMH,United States,http://www.donnakaran.com/,2.5,1.08,1,0.42,2.5,0.23,1,1.23,8.73,,4.22,2.79,2.88,9.89,2.37,3.48,3.29,0,2.61,10,,2,2,4,2.7,2,2,2.41,6.41,0.7,1.5,1.1,1.6,1.8,10.91,,5,5,2.18,3.5,0.75,1.65,2.97,1.88,12.92,17.2,,46.82,115,21,Gifted,65%,Y,,118,-3,79%,-14%,,,,
30,John Varvatos,VF Corp,United States,http://www.johnvarvatos.com/,5,0,0,0,0,0.92,0,0.92,10.92,,4.57,1.89,1.86,8.32,1.76,0,2.03,0,1.51,7.87,,2,2,4,1.3,2,2.1,1.57,5.57,0.6,0.5,0.55,1.71,3.8,11.63,,3,4,1.69,4.25,1.75,2.4,3.2,1.88,15.16,16.6,,47.04,115,21,Gifted,65%,y,,113,2,70%,-5%,,,,
52,Ted Baker,Ted Baker PLC,United Kingdom,http://www.tedbaker.com,5,0,0,0,0,0.31,0,0.31,10.31,,3.86,2.42,2.16,8.44,1.87,0,0,0,0.75,7.35,,2,2,4,2.5,1,2.7,2.24,6.24,2.1,1,1.53,1.71,3.73,13.22,,3,2,1.53,3.75,2.25,2.9,3.49,1.88,15.79,15.6,,46.47,114,24,Gifted,63%,Y,,,NA,,NA,,,,